SUMMARY OUTPUT,,,,,,,,
,,,,,,,,
Regression Statistics,,,,,,,,
Multiple R,0.930270808,,,,,,,
R Square,0.865403776,,,,,,,
Adjusted R Square,0.864649207,,,,,,,
Standard Error,1334.36216,,,,,,,
Observations,1436,,,,,,,
,,,,,,,,
ANOVA,,,,,,,,
,df,SS,MS,F,Significance F,,,
Regression,8,16336436034,2042054504,1146.885056,0,,,
Residual,1427,2540805430,1780522.375,,,,,
Total,1435,18877241464,,,,,,
,,,,,,,,
,Coefficients,Standard Error,t Stat,P-value,Lower 95%,Upper 95%,Lower 95.0%,Upper 95.0%
Intercept,-6033.302555,1004.679827,-6.00519926,2.42E-09,-8004.110424,-4062.494686,-8004.110424,-4062.494686
Age,-122.4716634,2.623415985,-46.68404253,1.3903E-289,-127.6178291,-117.3254977,-127.6178291,-117.3254977
KM,-0.016593778,0.001293433,-12.82925663,9.76666E-36,-0.019131011,-0.014056545,-0.019131011,-0.014056545
HP,32.75497484,2.547043024,12.86000061,6.84068E-36,27.75862446,37.75132521,27.75862446,37.75132521
MetColor,36.54443666,75.93358399,0.481268429,0.630399519,-112.4089919,185.4978652,-112.4089919,185.4978652
Automatic,194.1748219,157.2329202,1.234950173,0.217052346,-114.2576438,502.6072876,-114.2576438,502.6072876
CC,-1.631549556,0.281018056,-5.805853113,7.88072E-09,-2.182802385,-1.080296728,-2.182802385,-1.080296728
Doors,-57.04120689,39.28075789,-1.4521412,0.146682173,-134.0954332,20.01301941,-134.0954332,20.01301941
Weight,22.54587226,1.081578002,20.84535023,1.858E-84,20.42421879,24.66752573,20.42421879,24.66752573
,,,,,,,,
,,,,,,,,
,,,,,,,,
RESIDUAL OUTPUT,,,,,,,,
,,,,,,,,
Observation,Predicted Price,Residuals,Standard Residuals,,,,,
1,16186.38455,-2686.384555,-2.018870341,,,,,
2,15755.75942,-2005.759421,-1.507367291,,,,,
3,16151.44507,-2201.44507,-1.654428869,,,,,
4,15765.59904,-815.5990369,-0.612938569,,,,,
5,15546.08264,-1796.082636,-1.3497911,,,,,
6,14927.7793,-1977.779304,-1.486339687,,,,,
7,16709.87241,190.12759,0.142884589,,,,,
8,16653.14273,1946.857274,1.463101179,,,,,
9,20230.96608,1269.033919,0.953703719,,,,,
10,13871.61534,-921.6153398,-0.692611887,,,,,
11,20280.74998,669.2500152,0.502954428,,,,,
12,20446.56717,-496.5671659,-0.373179902,,,,,
13,20268.66971,-668.6697144,-0.50251832,,,,,
14,19722.8644,1777.135603,1.335552036,,,,,
15,19415.68739,3084.31261,2.317921029,,,,,
16,20124.44104,1875.558961,1.409519108,,,,,
17,19662.8045,3087.195498,2.320087576,,,,,
18,16438.20465,1511.795354,1.136143669,,,,,
19,15435.98905,1314.010946,0.987504831,,,,,
20,14995.76619,1954.233811,1.46864479,,,,,
21,14940.99013,1009.009872,0.758290581,,,,,
22,17080.75907,-130.7590702,-0.098267989,,,,,
23,15711.81376,238.1862383,0.1790016,,,,,
24,16112.20503,837.7949685,0.629619245,,,,,
25,16096.0497,153.9502961,0.115696648,,,,,
26,16542.17856,-592.1785648,-0.445033731,,,,,
27,16196.09616,1298.903839,0.976151546,,,,,
28,15837.15358,-87.15357921,-0.065497613,,,,,
29,15877.82957,1072.170427,0.805756969,,,,,
30,16217.88823,1732.111766,1.301715745,,,,,
31,15812.17335,-2862.173353,-2.150979049,,,,,
32,16247.17994,-497.1799404,-0.373640414,,,,,
33,15729.22363,220.7763735,0.165917747,,,,,
34,15798.89389,-848.8938883,-0.637960299,,,,,
35,16150.91943,-650.9194341,-0.489178639,,,,,
36,15591.30079,158.6992122,0.11926555,,,,,
37,16012.46046,-62.46045552,-0.046940249,,,,,
38,16542.85489,-1592.854889,-1.197061489,,,,,
39,15186.2439,563.7561046,0.423673698,,,,,
40,15726.03268,-976.0326837,-0.733507581,,,,,
41,15980.64574,-2030.64574,-1.526069844,,,,,
42,15487.65141,1262.348594,0.948679567,,,,,
43,16015.45949,-2065.459487,-1.552233053,,,,,
44,16522.65534,427.3446603,0.32115784,,,,,
45,17303.50688,-353.5068787,-0.265667308,,,,,
46,17788.87219,1211.127808,0.910186148,,,,,
47,17074.08811,875.9118855,0.65826485,,,,,
48,15697.31079,102.689211,0.077172943,,,,,
49,17805.25788,144.7421179,0.108776522,,,,,
50,19137.60072,2812.399283,2.113572865,,,,,
51,17964.20968,-14.20968175,-0.010678853,,,,,
52,15015.59492,734.4050775,0.551919727,,,,,
53,17395.39306,3104.606939,2.333172613,,,,,
54,19878.31892,2071.681081,1.556908702,,,,,
55,17256.58386,-1756.583864,-1.320107004,,,,,
56,14269.57274,-1019.57274,-0.766228782,,,,,
57,15454.24908,-204.2490764,-0.153497161,,,,,
58,15702.6771,-452.6770966,-0.340195659,,,,,
59,18033.22026,916.7797425,0.688977841,,,,,
60,15866.96189,132.0381125,0.099229215,,,,,
61,16322.03334,-1372.033344,-1.031109794,,,,,
62,16227.25321,272.7467906,0.204974528,,,,,
63,15784.41485,2965.585146,2.228695026,,,,,
64,15957.21545,1992.784554,1.497616425,,,,,
65,15785.85706,2164.142938,1.62639559,,,,,
66,15229.14885,1720.85115,1.293253173,,,,,
67,16243.94191,2706.058094,2.033655389,,,,,
68,16438.18979,-1488.18979,-1.118403627,,,,,
69,19611.78116,2638.218837,1.982672866,,,,,
70,16082.07516,-132.0751625,-0.099257058,,,,,
71,15723.17278,226.8272195,0.170465076,,,,,
72,14106.12526,-1111.125264,-0.835032288,,,,,
73,16283.31307,2666.686934,2.004067195,,,,,
74,16351.77641,-601.7764061,-0.452246696,,,,,
75,16257.06265,3692.937353,2.775314384,,,,,
76,16567.77732,382.2226833,0.287247795,,,,,
77,15971.55948,2778.440518,2.088052191,,,,,
78,16116.20076,2333.799241,1.753895607,,,,,
79,15922.96858,972.031418,0.730500552,,,,,
80,15597.80422,-697.8042181,-0.524413468,,,,,
81,18114.92545,835.074549,0.627574796,,,,,
82,15965.69756,1284.30244,0.96517831,,,,,
83,16293.08164,-843.0816438,-0.633592284,,,,,
84,17442.83655,507.1634547,0.381143219,,,,,
85,16319.44916,330.5508429,0.2484154,,,,,
86,16616.57179,833.4282149,0.626337544,,,,,
87,15621.25217,-721.2521657,-0.542035057,,,,,
88,18025.92564,-75.92564091,-0.057059599,,,,,
89,16337.72774,-387.7277444,-0.291384955,,,,,
90,19535.86132,2414.138685,1.814272265,,,,,
91,16277.881,172.1190008,0.129350783,,,,,
92,18853.06599,3396.934012,2.552862105,,,,,
93,19401.35635,548.6436509,0.412316395,,,,,
94,16523.15363,-573.1536321,-0.430736123,,,,,
95,17061.5736,1838.4264,1.381613264,,,,,
96,19347.26764,602.7323551,0.45296511,,,,,
97,16710.24147,-760.2414671,-0.571336277,,,,,
98,16768.10397,-818.103971,-0.614821076,,,,,
99,18322.32728,427.6727244,0.321404386,,,,,
100,16924.5265,525.4734957,0.394903572,,,,,
101,17242.06906,1747.930939,1.313604162,,,,,
102,16880.07879,-630.0787851,-0.473516485,,,,,
103,17310.29432,1189.705677,0.894086999,,,,,
104,18123.14527,376.8547298,0.283213673,,,,,
105,19469.30525,-19.30524676,-0.014508269,,,,,
106,16970.54806,-20.54806285,-0.01544227,,,,,
107,16479.69098,2320.30902,1.743757443,,,,,
108,17277.68487,172.3151303,0.129498178,,,,,
109,17169.1823,780.8177001,0.586799717,,,,,
110,27095.95708,5404.042923,4.061243563,,,,,
111,27066.143,3933.857005,2.956370197,,,,,
112,27107.62744,4167.37256,3.131861686,,,,,
113,22815.37455,2134.625448,1.604212621,,,,,
114,22815.37455,2134.625448,1.604212621,,,,,
115,21864.53216,1085.467838,0.815750232,,,,,
116,21182.26499,3807.735012,2.861587061,,,,,
117,20876.47579,1073.524214,0.806774366,,,,,
118,18880.55681,-980.556813,-0.736907553,,,,,
119,18203.11287,1046.887127,0.786756076,,,,,
120,19770.91362,2479.086379,1.863081723,,,,,
121,17274.11598,1675.884018,1.259459497,,,,,
122,18523.06709,1426.932911,1.072367889,,,,,
123,17470.73101,-1120.731013,-0.842251196,,,,,
124,17088.94055,1861.059452,1.398622444,,,,,
125,17471.30159,-521.3015948,-0.391768307,,,,,
126,17630.51682,4119.48318,3.095871884,,,,,
127,15900.60719,49.39280768,0.037119657,,,,,
128,16606.80174,-106.8017378,-0.080263587,,,,,
129,17558.77169,391.2283052,0.294015695,,,,,
130,16799.77494,-949.7749381,-0.713774374,,,,,
131,16646.17877,-396.1787731,-0.297736068,,,,,
132,16693.13916,-743.1391649,-0.558483564,,,,,
133,16821.51821,-571.5182132,-0.429507074,,,,,
134,17601.32637,-1651.326365,-1.241003942,,,,,
135,16669.81997,-169.8199693,-0.127623016,,,,,
136,16811.8557,-311.855697,-0.234365633,,,,,
137,17382.9697,1067.030296,0.801894061,,,,,
138,17613.99562,-1363.99562,-1.025069288,,,,,
139,22253.03245,746.9675487,0.561360669,,,,,
140,17356.34928,2543.650719,1.911603082,,,,,
141,16812.76371,-362.7637106,-0.272623998,,,,,
142,21100.27936,2849.720644,2.141620595,,,,,
143,18239.73634,1710.263656,1.285296465,,,,,
144,17040.7861,1459.213901,1.096627682,,,,,
145,18014.00861,935.9913881,0.703415767,,,,,
146,17307.30828,-857.3082784,-0.644283877,,,,,
147,18352.86653,2147.133471,1.613612644,,,,,
148,18263.63138,6236.368616,4.68675254,,,,,
149,17519.80264,1930.197361,1.45058093,,,,,
150,18878.00738,2071.992622,1.557142831,,,,,
151,16900.51161,299.4883912,0.225071362,,,,,
152,17541.20861,2408.791388,1.810253667,,,,,
153,18184.18594,265.8140639,0.199764449,,,,,
154,18153.35183,1346.648171,1.012032342,,,,,
155,18376.63501,3373.364988,2.535149523,,,,,
156,17075.01235,-207.0123485,-0.155573814,,,,,
157,17505.56812,1994.431885,1.498854426,,,,,
158,18294.64084,605.3591632,0.454939208,,,,,
159,17906.31242,1843.687577,1.385567141,,,,,
160,19317.77356,432.2264397,0.324826592,,,,,
161,17538.75567,1411.244329,1.060577613,,,,,
162,17342.55524,3407.444759,2.560761136,,,,,
163,18620.06399,979.936013,0.736441009,,,,,
164,17745.64164,1754.358362,1.318434496,,,,,
165,18187.69424,-537.6942354,-0.404087696,,,,,
166,18336.72905,1613.270949,1.212404555,,,,,
167,18382.25072,1567.749279,1.178194133,,,,,
168,19087.38767,1862.612331,1.399789462,,,,,
169,18634.81059,1865.189408,1.401726186,,,,,
170,17609.9876,185.0123979,0.139040422,,,,,
171,17845.1549,399.8450954,0.300491381,,,,,
172,19025.13458,4724.865422,3.550828436,,,,,
173,18490.02843,1009.971572,0.759013317,,,,,
174,18491.30615,458.6938509,0.344717367,,,,,
175,19045.24624,2904.753763,2.182979057,,,,,
176,19065.39108,884.6089166,0.664800839,,,,,
177,18716.77717,233.2228306,0.175271502,,,,,
178,18888.2386,1061.761397,0.79793438,,,,,
179,19124.69725,2825.302754,2.123270075,,,,,
180,19366.28369,3133.716308,2.355048871,,,,,
181,18020.38283,479.6171675,0.360441647,,,,,
182,18772.24839,-72.24839259,-0.054296075,,,,,
183,19388.34031,1736.65969,1.305133599,,,,,
184,19942.24721,1557.75279,1.170681577,,,,,
185,19378.86644,-1583.866438,-1.190306493,,,,,
186,18824.92821,-579.9282118,-0.435827352,,,,,
187,8683.071555,-1733.071555,-1.302437045,,,,,
188,11925.20298,-2425.202979,-1.822587298,,,,,
189,12687.23709,-737.2370931,-0.554048042,,,,,
190,10993.65582,-3243.655821,-2.437670558,,,,,
191,10334.99142,1615.008582,1.21371042,,,,,
192,10014.83356,-5664.833556,-4.257232806,,,,,
193,10500.18991,-5750.189907,-4.321379767,,,,,
194,11523.39284,226.607162,0.170299698,,,,,
195,11511.05408,1738.945921,1.306851745,,,,,
196,12454.29827,-504.2982672,-0.378989975,,,,,
197,10351.84631,1548.153693,1.163467668,,,,,
198,13988.08271,761.9172851,0.572595687,,,,,
199,10936.9449,-986.9449026,-0.741708326,,,,,
200,13523.19305,-1573.193051,-1.182285234,,,,,
201,11951.90435,-456.9043476,-0.343372521,,,,,
202,11334.23571,-84.23570535,-0.063304774,,,,,
203,12273.5939,-1773.593898,-1.332890375,,,,,
204,12214.0768,-1764.076795,-1.325738087,,,,,
205,11821.28878,1128.711216,0.848248474,,,,,
206,11506.96179,-6.96179173,-0.005231922,,,,,
207,12631.62382,-131.6238218,-0.098917867,,,,,
208,11796.14443,-846.1444348,-0.635894031,,,,,
209,12603.20858,-1153.208582,-0.866658721,,,,,
210,14080.05607,-2130.056073,-1.600778646,,,,,
211,12213.28617,1036.713829,0.779110644,,,,,
212,14337.23941,412.7605897,0.310197626,,,,,
213,14348.38223,-2558.38223,-1.9226741,,,,,
214,12747.18289,-1297.182892,-0.974858221,,,,,
215,14557.96572,-1057.965723,-0.795081857,,,,,
216,13622.80407,-2672.804067,-2.00866434,,,,,
217,12571.21448,928.7855158,0.698000414,,,,,
218,11557.26309,-607.2630941,-0.456370049,,,,,
219,11203.96941,-253.969409,-0.19086296,,,,,
220,13060.26027,-110.2602712,-0.082862742,,,,,
221,12448.46614,-498.4661427,-0.37460702,,,,,
222,24502.6406,-12052.6406,-9.057794273,,,,,
223,12839.7703,-889.7702981,-0.668679718,,,,,
224,12244.0204,2705.979597,2.033596397,,,,,
225,13479.43126,-1029.431255,-0.773637648,,,,,
226,13168.35214,-218.3521412,-0.164095889,,,,,
227,12890.89491,-940.8949108,-0.70710086,,,,,
228,13261.36664,-1571.366643,-1.180912653,,,,,
229,12844.97528,-394.9752835,-0.296831622,,,,,
230,13047.71918,-297.7191818,-0.223741767,,,,,
231,11356.51107,568.4889272,0.427230507,,,,,
232,13877.03734,-927.0373396,-0.696686626,,,,,
233,11786.42141,163.5785859,0.122932495,,,,,
234,12348.2453,551.7546992,0.414654408,,,,,
235,12877.31337,-977.3133738,-0.734470045,,,,,
236,13284.11034,-1634.110337,-1.228065761,,,,,
237,12518.19527,-1568.195273,-1.178529306,,,,,
238,12744.34757,1205.652434,0.906071299,,,,,
239,13526.36629,423.6337094,0.318368988,,,,,
240,13183.0097,-1233.009705,-0.92663082,,,,,
241,13317.8123,-2367.8123,-1.779457084,,,,,
242,12988.19556,-538.1955618,-0.404464452,,,,,
243,12151.80559,-201.8055871,-0.151660831,,,,,
244,14783.69965,-1283.699651,-0.964725303,,,,,
245,13955.5425,-2265.542503,-1.702599339,,,,,
246,13241.75343,258.2465665,0.194077327,,,,,
247,12388.77721,-438.7772086,-0.329749623,,,,,
248,12289.59018,610.409821,0.458734875,,,,,
249,12984.99183,515.008172,0.387038677,,,,,
250,12847.76687,-1097.766867,-0.824993192,,,,,
251,13950.84153,-2200.841527,-1.653975294,,,,,
252,11781.04718,-931.0471815,-0.6997001,,,,,
253,12788.83772,-1038.837717,-0.780706788,,,,,
254,13782.75643,1167.243566,0.877206285,,,,,
255,13280.86497,-3340.864968,-2.510725126,,,,,
256,12881.78411,18.21588779,0.013689595,,,,,
257,13414.02302,85.97697522,0.064613372,,,,,
258,11581.67698,168.3230158,0.126498026,,,,,
259,11546.52642,403.4735751,0.303218254,,,,,
260,14043.88778,-593.8877776,-0.446318238,,,,,
261,11954.93298,-4.932984266,-0.003707234,,,,,
262,13326.84633,-831.8463272,-0.625148725,,,,,
263,12088.11761,1411.882387,1.061057126,,,,,
264,13208.24101,-458.2410141,-0.344377052,,,,,
265,12903.63985,-903.6398499,-0.679102956,,,,,
266,13472.10125,-1522.101248,-1.143888748,,,,,
267,12852.78838,-357.7883834,-0.268884942,,,,,
268,13290.43289,-840.4328857,-0.631601691,,,,,
269,14859.49539,-109.4953859,-0.082287916,,,,,
270,12647.27158,-1697.271579,-1.275532666,,,,,
271,13051.99095,448.0090478,0.33668753,,,,,
272,13493.72294,-543.7229406,-0.408618385,,,,,
273,12821.58377,678.416225,0.509843013,,,,,
274,13029.17299,420.8270079,0.316259697,,,,,
275,12884.6336,615.3664021,0.462459843,,,,,
276,13140.36288,-1660.36288,-1.247795059,,,,,
277,12956.39147,493.6085298,0.370956429,,,,,
278,12684.62417,-1189.624174,-0.894025748,,,,,
279,11645.93255,1104.067453,0.829728205,,,,,
280,13187.91827,1802.081726,1.354299533,,,,,
281,13454.85711,-504.8571071,-0.379409954,,,,,
282,13399.8572,-449.8571961,-0.338076449,,,,,
283,13538.42418,-688.4241828,-0.517364188,,,,,
284,14162.42465,-212.424645,-0.15964126,,,,,
285,13174.59584,-1224.595844,-0.92030764,,,,,
286,13422.95749,-472.9574895,-0.35543677,,,,,
287,13304.65086,-1604.650864,-1.205926394,,,,,
288,12524.0168,-2574.016803,-1.934423786,,,,,
289,12387.22676,-492.2267574,-0.369918,,,,,
290,12957.11522,-7.115220247,-0.005347227,,,,,
291,13142.79547,-642.7954732,-0.483073324,,,,,
292,13453.27432,421.7256781,0.316935065,,,,,
293,13461.26697,-2961.266966,-2.22544983,,,,,
294,14195.25622,-1900.256221,-1.428079579,,,,,
295,13210.10477,739.895225,0.55604568,,,,,
296,12889.0691,-1939.0691,-1.457248215,,,,,
297,13501.32251,-551.3225086,-0.414329609,,,,,
298,13475.3091,-625.3091047,-0.469931977,,,,,
299,13980.56335,14.43664879,0.010849423,,,,,
300,13170.43544,579.5645558,0.435554057,,,,,
301,13756.24609,-1006.24609,-0.756213545,,,,,
302,12705.69187,-205.6918731,-0.154581451,,,,,
303,12649.81218,1300.187824,0.977116486,,,,,
304,12405.71625,-905.7162522,-0.680663413,,,,,
305,12465.2507,1484.749298,1.11581803,,,,,
306,12797.39898,-902.3989761,-0.678170415,,,,,
307,11798.78998,-1848.789976,-1.389401693,,,,,
308,12482.55453,1017.445475,0.764630101,,,,,
309,12622.66681,-1172.666813,-0.881281961,,,,,
310,13162.00818,-712.0081791,-0.535088021,,,,,
311,13519.87999,-569.8799925,-0.428275919,,,,,
312,13033.17934,961.8206557,0.722826965,,,,,
313,12022.48833,-272.4883293,-0.204780289,,,,,
314,13106.38263,-1456.38263,-1.094499926,,,,,
315,12021.0761,-2071.076104,-1.55645405,,,,,
316,13303.264,646.7360008,0.486034707,,,,,
317,13050.96787,-100.9678743,-0.075879325,,,,,
318,12561.4975,-1611.497503,-1.211071776,,,,,
319,12076.92086,-2176.920859,-1.635998446,,,,,
320,12965.19026,-1015.190263,-0.762935265,,,,,
321,13743.42549,-1753.425493,-1.317733426,,,,,
322,13936.59685,-3186.596852,-2.39478963,,,,,
323,14011.5358,-61.53579681,-0.04624535,,,,,
324,12285.16897,-1035.168966,-0.77794965,,,,,
325,13596.89347,-646.8934707,-0.486153049,,,,,
326,13361.88982,-1411.889817,-1.06106271,,,,,
327,12132.95805,-1182.958047,-0.889016024,,,,,
328,14348.44998,-1398.449979,-1.05096241,,,,,
329,14109.03238,-1159.032381,-0.87103542,,,,,
330,13131.66517,-1436.665171,-1.079681872,,,,,
331,13572.65842,-2572.658417,-1.933402933,,,,,
332,14227.02197,-277.0219696,-0.208187408,,,,,
333,13712.98819,-1762.988186,-1.324919976,,,,,
334,12833.69803,-1083.698031,-0.814420188,,,,,
335,13807.53425,-1407.534253,-1.057789419,,,,,
336,13418.3398,-918.3398014,-0.690150256,,,,,
337,14391.44446,-1491.444458,-1.120849573,,,,,
338,12813.01549,-613.0154918,-0.460693088,,,,,
339,12495.9859,254.0140964,0.190896543,,,,,
340,13302.64045,-1352.640448,-1.016535655,,,,,
341,13629.50741,-1729.507411,-1.299758522,,,,,
342,13261.09045,-1311.090446,-0.985310019,,,,,
343,12938.38756,2011.612442,1.51176595,,,,,
344,13006.23661,-1056.23661,-0.793782395,,,,,
345,14429.36124,-1479.361241,-1.1117688,,,,,
346,13753.62109,1196.378915,0.899102068,,,,,
347,12902.89409,547.1059145,0.411160756,,,,,
348,13826.37841,-76.37840853,-0.057399862,,,,,
349,12553.08509,396.9149063,0.298289287,,,,,
350,14453.83706,-1703.837064,-1.280466755,,,,,
351,13282.4758,-1387.475802,-1.042715102,,,,,
352,12915.54203,-2965.542031,-2.228662625,,,,,
353,13857.70746,-1407.707461,-1.057919589,,,,,
354,13424.36219,-924.3621858,-0.694676195,,,,,
355,12700.21336,2249.786643,1.690758503,,,,,
356,13867.87769,-117.877693,-0.088587383,,,,,
357,13673.80157,-978.8015673,-0.735588451,,,,,
358,14159.97992,830.0200828,0.623776266,,,,,
359,13386.43727,-636.4372724,-0.478295012,,,,,
360,12505.3813,1844.618699,1.386266898,,,,,
361,13090.38017,-140.3801711,-0.105498434,,,,,
362,13113.21465,-1613.214648,-1.212362244,,,,,
363,12415.11164,-465.1116363,-0.349540458,,,,,
364,13656.67127,-206.6712713,-0.155317488,,,,,
365,13914.07653,-1014.076525,-0.76209827,,,,,
366,12349.58259,-1849.582587,-1.389997356,,,,,
367,13148.17774,-2198.177739,-1.651973406,,,,,
368,12417.54598,-467.5459842,-0.351369918,,,,,
369,13044.63444,-1594.634444,-1.198398859,,,,,
370,13322.47527,-72.47527024,-0.054466578,,,,,
371,12869.96922,-2619.969222,-1.968957924,,,,,
372,14362.22025,-367.2202456,-0.27597317,,,,,
373,13291.37214,-1341.372142,-1.008067303,,,,,
374,14757.80908,-1507.809075,-1.133147902,,,,,
375,13890.38587,-940.3858681,-0.706718305,,,,,
376,13590.29997,-1840.299966,-1.383021286,,,,,
377,13971.89626,-2471.89626,-1.857678208,,,,,
378,13077.50432,422.495683,0.317513739,,,,,
379,7906.386928,-1406.386928,-1.056927182,,,,,
380,8052.017807,-1652.017807,-1.241523574,,,,,
381,8457.408687,-1457.408687,-1.095271028,,,,,
382,8167.701882,-417.701882,-0.313911104,,,,,
383,9167.372851,-267.3728508,-0.200935908,,,,,
384,9836.490693,-1336.490693,-1.004398799,,,,,
385,9311.457837,-361.4578369,-0.271642608,,,,,
386,10379.18639,-479.1863856,-0.360117906,,,,,
387,9671.513869,578.486131,0.4347436,,,,,
388,11665.7769,-2415.776899,-1.815503415,,,,,
389,9690.718752,-1940.718752,-1.45848796,,,,,
390,8713.007147,736.9928529,0.55386449,,,,,
391,9393.570863,-1643.570863,-1.235175531,,,,,
392,9967.511607,-1717.511607,-1.290743441,,,,,
393,10766.47991,-816.4799068,-0.61360056,,,,,
394,9029.131131,-4579.131131,-3.441306277,,,,,
395,10357.81248,-407.812485,-0.306479029,,,,,
396,11194.53382,-2194.53382,-1.649234929,,,,,
397,9456.482855,493.5171449,0.370887751,,,,,
398,12078.13253,371.8674657,0.279465647,,,,,
399,9422.305359,1077.694641,0.809908523,,,,,
400,9571.609162,1178.390838,0.885583678,,,,,
401,9433.542779,-483.5427789,-0.363391821,,,,,
402,10057.96172,442.0382789,0.33220038,,,,,
403,9652.805875,-4502.805875,-3.383946359,,,,,
404,10682.27938,267.7206231,0.201197265,,,,,
405,9727.063106,-277.0631061,-0.208218323,,,,,
406,10617.25393,-667.2539342,-0.501454334,,,,,
407,10588.42224,361.5777633,0.271732735,,,,,
408,11605.57128,294.4287173,0.221268918,,,,,
409,10693.07728,-743.0772822,-0.558437058,,,,,
410,10728.31898,1221.68102,0.918117093,,,,,
411,10321.90197,-2421.901974,-1.820106528,,,,,
412,10593.91113,356.0888734,0.267607727,,,,,
413,11073.98986,-2123.989864,-1.596219772,,,,,
414,11150.69256,799.3074367,0.600695114,,,,,
415,10764.45847,135.5415263,0.101862098,,,,,
416,10674.18049,-724.1804947,-0.544235754,,,,,
417,10188.18279,-238.1827869,-0.178999006,,,,,
418,10852.01394,97.98606093,0.073638434,,,,,
419,9727.069744,-777.0697444,-0.583983055,,,,,
420,9114.310956,-164.3109563,-0.123482886,,,,,
421,11093.79425,-593.7942467,-0.446247947,,,,,
422,9810.399134,-860.399134,-0.646606715,,,,,
423,10594.43155,-1344.431552,-1.01036651,,,,,
424,11153.42444,346.5755585,0.260458286,,,,,
425,11065.49929,-1315.499292,-0.988623352,,,,,
426,11312.96312,-1362.963118,-1.024293343,,,,,
427,10916.73464,533.2653629,0.400759312,,,,,
428,10893.60178,1606.398224,1.207239569,,,,,
429,11400.59661,-900.5966146,-0.676815905,,,,,
430,11444.79078,1505.209217,1.131194058,,,,,
431,10774.76239,1425.237605,1.071093833,,,,,
432,10450.96048,499.0395249,0.375037928,,,,,
433,11651.20942,-701.2094245,-0.526972547,,,,,
434,11809.02059,-519.0205863,-0.390054085,,,,,
435,10617.32268,132.6773187,0.09970959,,,,,
436,11095.69039,-200.6903862,-0.150822736,,,,,
437,12875.92587,-1375.925867,-1.034035101,,,,,
438,11764.50567,-2014.505673,-1.513940269,,,,,
439,10209.24338,40.75662433,0.030629397,,,,,
440,10663.76381,1836.236195,1.379967282,,,,,
441,10206.95173,1743.048266,1.309934738,,,,,
442,11122.24216,-372.2421631,-0.279747239,,,,,
443,11220.26107,229.7389331,0.172653285,,,,,
444,11198.30949,751.6905075,0.564910064,,,,,
445,11486.66152,263.3384771,0.197903997,,,,,
446,11494.83355,-544.8335529,-0.409453032,,,,,
447,11084.40022,865.5997814,0.650515103,,,,,
448,10628.97518,366.0248197,0.275074785,,,,,
449,9703.506459,1746.493541,1.312523929,,,,,
450,11710.16806,-2810.168063,-2.11189606,,,,,
451,11586.63276,-1086.632756,-0.816625691,,,,,
452,11973.2152,-223.2152013,-0.167750573,,,,,
453,10732.06866,717.9313437,0.539539395,,,,,
454,10994.16471,1005.835291,0.755904822,,,,,
455,11784.04903,165.950975,0.124715391,,,,,
456,10148.95033,-298.9503306,-0.224666999,,,,,
457,10298.96423,651.0357666,0.489266065,,,,,
458,11227.39345,-277.3934479,-0.208466582,,,,,
459,10613.00732,-1918.007322,-1.441419878,,,,,
460,10579.32038,410.6796175,0.308633735,,,,,
461,9940.297596,-440.2975963,-0.330892224,,,,,
462,10443.98881,1506.011186,1.131796753,,,,,
463,11797.71652,-1047.71652,-0.787379381,,,,,
464,11679.34047,-2929.340468,-2.201456444,,,,,
465,10851.02953,-2101.029528,-1.578964632,,,,,
466,10193.07775,1256.92225,0.944601564,,,,,
467,11029.21283,-1079.212826,-0.811049469,,,,,
468,11282.56425,667.435749,0.501590971,,,,,
469,11587.68506,2362.314937,1.775325708,,,,,
470,11575.89997,-325.899972,-0.24492018,,,,,
471,11299.72921,-399.7292128,-0.300404293,,,,,
472,9891.054275,-141.0542753,-0.106005037,,,,,
473,10384.7575,-434.7574978,-0.326728732,,,,,
474,11010.40775,939.5922527,0.706121887,,,,,
475,11328.54912,-878.5491181,-0.660246782,,,,,
476,10159.22889,-1209.228891,-0.908759076,,,,,
477,11275.39636,-1025.396358,-0.770605344,,,,,
478,10555.67956,-625.679561,-0.470210382,,,,,
479,10836.73408,-336.7340774,-0.253062221,,,,,
480,10441.70391,1508.296088,1.133513902,,,,,
481,11656.43147,-156.4314723,-0.1175613,,,,,
482,10284.72885,1215.271153,0.913299953,,,,,
483,11364.93927,85.06072608,0.063924793,,,,,
484,10561.61832,-661.6183247,-0.497219064,,,,,
485,10147.25984,-647.2598399,-0.486428383,,,,,
486,11352.67996,-852.6799584,-0.640805605,,,,,
487,11763.91738,-1013.917384,-0.761978672,,,,,
488,10755.08966,-1805.089656,-1.356560051,,,,,
489,10627.21847,1372.781533,1.031672073,,,,,
490,12184.94967,-2244.949674,-1.687123427,,,,,
491,11195.77949,-245.7794918,-0.184708077,,,,,
492,11334.35405,-584.3540513,-0.439153457,,,,,
493,10609.61277,-810.6127716,-0.609191294,,,,,
494,11415.21232,334.7876811,0.251599466,,,,,
495,10514.35147,1435.648528,1.078917845,,,,,
496,11044.2672,205.7327987,0.154612207,,,,,
497,11326.16838,423.8316187,0.318517721,,,,,
498,10793.21561,156.7843902,0.117826524,,,,,
499,11236.93724,13.06276172,0.00981692,,,,,
500,10382.1261,-432.1260993,-0.324751184,,,,,
501,11820.99823,-2120.998226,-1.593971498,,,,,
502,12970.52343,-1020.523428,-0.766943242,,,,,
503,10791.12337,-891.1233651,-0.669696574,,,,,
504,10671.05605,-681.0560451,-0.511826889,,,,,
505,11015.6083,-1540.608296,-1.157797155,,,,,
506,11406.73611,93.26388901,0.07008963,,,,,
507,10690.66995,1259.330055,0.946411076,,,,,
508,10862.78372,637.2162768,0.478880449,,,,,
509,11883.50874,-1383.508743,-1.03973378,,,,,
510,11984.94123,-1084.941227,-0.815354474,,,,,
511,11252.41778,447.5822178,0.336366759,,,,,
512,11927.8505,-27.85050043,-0.020930194,,,,,
513,11930.17363,2019.826371,1.517938877,,,,,
514,10952.19389,-2.193888274,-0.00164875,,,,,
515,10069.43245,430.5675485,0.323579903,,,,,
516,11586.16243,-836.1624268,-0.628392358,,,,,
517,11233.52944,716.470559,0.538441587,,,,,
518,10076.86646,-76.86646407,-0.057766646,,,,,
519,11785.3487,-1290.348696,-0.969722189,,,,,
520,12063.69181,-613.6918114,-0.461201355,,,,,
521,10391.54178,-991.5417836,-0.745162972,,,,,
522,10898.64204,1051.357962,0.790115996,,,,,
523,11590.69938,-1940.699378,-1.4584734,,,,,
524,12914.24316,6035.756845,4.535988885,,,,,
525,11507.03819,-57.03818754,-0.042865309,,,,,
526,11309.06194,-1059.061944,-0.795905689,,,,,
527,11686.46814,-236.4681434,-0.177710418,,,,,
528,10402.06224,-452.0622388,-0.339733582,,,,,
529,10943.53689,-443.5368905,-0.333326616,,,,,
530,11644.03496,2105.965036,1.582673763,,,,,
531,11121.83673,-1171.836725,-0.880658134,,,,,
532,10582.37813,-332.3781348,-0.249788645,,,,,
533,11167.91559,-317.9155889,-0.23891976,,,,,
534,11751.00486,143.9951445,0.108215157,,,,,
535,11332.19192,1617.808083,1.2158143,,,,,
536,12153.02106,-203.021056,-0.15257428,,,,,
537,11192.8651,-442.8651032,-0.332821755,,,,,
538,11082.1913,-1532.1913,-1.151471619,,,,,
539,10082.35878,867.6412156,0.652049281,,,,,
540,10963.33189,786.6681066,0.591196412,,,,,
541,12384.9019,-1434.901896,-1.078356736,,,,,
542,11229.98126,1220.018744,0.91686786,,,,,
543,10857.57192,-357.5719189,-0.268722265,,,,,
544,10911.25911,-11.25911259,-0.008461443,,,,,
545,12062.17889,887.8211121,0.667214866,,,,,
546,11956.18628,-1006.186285,-0.7561686,,,,,
547,11449.43716,1050.56284,0.789518446,,,,,
548,10323.17749,-373.1774928,-0.280450158,,,,,
549,10053.98949,696.0105093,0.523065461,,,,,
550,11353.26632,1146.733682,0.861792708,,,,,
551,11542.61093,-1092.610929,-0.821118405,,,,,
552,10774.21347,-24.21346792,-0.018196893,,,,,
553,12931.78259,18.21741144,0.01369074,,,,,
554,11664.72102,-669.7210166,-0.503308395,,,,,
555,12540.39424,-590.3942422,-0.443692778,,,,,
556,11715.75182,-465.7518215,-0.35002157,,,,,
557,12859.6949,-909.6948984,-0.683653443,,,,,
558,10655.22741,3094.772587,2.325781906,,,,,
559,12603.68209,-1603.682093,-1.205198343,,,,,
560,12277.69011,1222.30989,0.918589701,,,,,
561,11006.9374,-56.93739787,-0.042789564,,,,,
562,10537.52891,212.4710949,0.159676168,,,,,
563,11433.03436,-2483.034363,-1.86604871,,,,,
564,11690.73131,1259.26869,0.946364959,,,,,
565,10318.1234,-568.1234027,-0.426955808,,,,,
566,10607.2609,292.7391022,0.21999914,,,,,
567,10762.56822,232.4317841,0.174677015,,,,,
568,12146.35416,-1396.354164,-1.049387364,,,,,
569,11981.51396,-1031.513963,-0.775202844,,,,,
570,12425.11388,574.8861217,0.432038123,,,,,
571,13034.34348,-84.34348164,-0.06338577,,,,,
572,11947.90663,-447.9066255,-0.336610557,,,,,
573,10355.14412,594.8558786,0.447045784,,,,,
574,12112.25861,-402.2586105,-0.302305184,,,,,
575,11218.08765,-1238.08765,-0.930446995,,,,,
576,12122.53747,127.4625293,0.095790575,,,,,
577,12749.5315,-1249.5315,-0.939047271,,,,,
578,11601.03298,348.9670219,0.262255517,,,,,
579,11173.95491,326.045091,0.245029239,,,,,
580,12878.50617,-978.5061699,-0.735366454,,,,,
581,11378.78962,551.2103767,0.414245339,,,,,
582,10905.61466,-405.6146586,-0.30482732,,,,,
583,10425.3358,-1475.335802,-1.108743605,,,,,
584,12364.83918,-1914.839181,-1.439038958,,,,,
585,10845.71057,-345.710574,-0.259808233,,,,,
586,12639.48764,310.5123597,0.233356089,,,,,
587,10373.0593,-423.0592986,-0.317937307,,,,,
588,11752.53849,1147.461511,0.862339685,,,,,
589,12796.75726,-2846.757261,-2.139393555,,,,,
590,10642.43013,-692.4301256,-0.520374732,,,,,
591,11946.75032,-996.7503181,-0.749077287,,,,,
592,11540.38828,-590.3882806,-0.443688298,,,,,
593,11643.42687,-1693.426875,-1.272643296,,,,,
594,12010.32457,-1060.324569,-0.796854576,,,,,
595,11337.75733,-537.7573327,-0.404135115,,,,,
596,10619.26729,-119.2672861,-0.08963169,,,,,
597,11537.40004,-1087.400043,-0.817202322,,,,,
598,11305.40648,-705.4064777,-0.530126714,,,,,
599,11707.15399,-1257.153995,-0.944775725,,,,,
600,12292.9029,657.0970955,0.493821272,,,,,
601,13298.6798,-2048.679796,-1.539622788,,,,,
602,15801.16617,-8301.166168,-6.238488136,,,,,
603,10918.48556,-1968.485555,-1.479355254,,,,,
604,7165.714645,-215.714645,-0.162113759,,,,,
605,6312.128199,1587.871801,1.193316601,,,,,
606,5424.008635,525.9913653,0.395292761,,,,,
607,7672.444542,-172.4445425,-0.129595434,,,,,
608,7877.387902,-377.3879023,-0.283614363,,,,,
609,7181.808599,-281.8085994,-0.211784654,,,,,
610,6527.509739,-776.5097392,-0.583562201,,,,,
611,6500.035794,449.9642063,0.338156869,,,,,
612,7597.835733,352.1642672,0.264658309,,,,,
613,8384.491384,-634.4913844,-0.476832639,,,,,
614,8001.56534,-51.56534031,-0.038752358,,,,,
615,8499.07964,-249.0796396,-0.187188203,,,,,
616,8314.375113,-2064.375113,-1.551418125,,,,,
617,8323.233359,1176.766641,0.884363062,,,,,
618,8778.882405,-1878.882405,-1.41201674,,,,,
619,8608.349668,-158.3496679,-0.119002861,,,,,
620,7779.450108,-429.4501085,-0.322740125,,,,,
621,8521.673158,428.3268423,0.321895969,,,,,
622,8361.370499,-1461.370499,-1.098248407,,,,,
623,9629.131081,-679.1310815,-0.510380242,,,,,
624,9056.106794,-306.1067938,-0.23004522,,,,,
625,9510.627137,-1560.627137,-1.172841705,,,,,
626,8120.834719,829.1652813,0.623133866,,,,,
627,9085.810504,-135.8105044,-0.102064241,,,,,
628,8238.43194,711.5680601,0.534757263,,,,,
629,8331.228991,-381.2289907,-0.286501015,,,,,
630,8951.336373,-1201.336373,-0.902827694,,,,,
631,9076.881862,-1576.881862,-1.185057447,,,,,
632,8089.848682,860.151318,0.646420477,,,,,
633,8056.623001,1743.376999,1.310181787,,,,,
634,8991.428989,458.5710109,0.344625051,,,,,
635,10475.35318,-1525.353184,-1.146332642,,,,,
636,7663.729543,1086.270457,0.816353416,,,,,
637,8854.509338,1645.490662,1.236618298,,,,,
638,8806.507711,-811.5077107,-0.609863858,,,,,
639,9412.982785,1037.017215,0.779338645,,,,,
640,7559.868033,2390.131967,1.796230749,,,,,
641,8262.327072,1687.672928,1.268319093,,,,,
642,8523.657523,426.3424768,0.320404679,,,,,
643,7795.094488,154.9055118,0.116414511,,,,,
644,9846.722486,1103.277514,0.829134551,,,,,
645,8944.795758,1005.204242,0.755430576,,,,,
646,8687.781578,-87.78157773,-0.065969566,,,,,
647,7463.311821,-213.3118213,-0.16030799,,,,,
648,7759.935331,-809.9353307,-0.608682184,,,,,
649,8174.776628,-174.7766276,-0.131348041,,,,,
650,9774.63717,175.3628296,0.131788584,,,,,
651,9834.887477,-384.8874771,-0.289250439,,,,,
652,8373.045696,-423.0456959,-0.317927084,,,,,
653,10167.51484,-717.5148366,-0.539226382,,,,,
654,9203.500981,746.499019,0.561008559,,,,,
655,12029.51726,-5079.517263,-3.817356205,,,,,
656,9609.417045,-1359.417045,-1.0216284,,,,,
657,7442.16495,2507.83505,1.88468691,,,,,
658,8763.602078,-513.6020776,-0.38598197,,,,,
659,8646.18598,1303.81402,0.979841643,,,,,
660,8894.407238,1605.592762,1.206634248,,,,,
661,8971.61044,-1021.61044,-0.767760153,,,,,
662,8984.167627,765.8323729,0.575537952,,,,,
663,9524.445566,-274.4455656,-0.206251191,,,,,
664,8339.700969,1160.299031,0.871987332,,,,,
665,9499.830301,450.1696991,0.338311301,,,,,
666,8933.054472,-1183.054472,-0.88908849,,,,,
667,8771.58805,728.4119497,0.547415774,,,,,
668,8091.734446,1858.265554,1.396522775,,,,,
669,9045.346012,704.6539881,0.529561203,,,,,
670,8963.777466,786.222534,0.590861555,,,,,
671,8443.917185,-2493.917185,-1.874227363,,,,,
672,8489.522151,10.47784874,0.007874308,,,,,
673,9114.087627,-619.0876268,-0.465256415,,,,,
674,7556.922581,1693.077419,1.272380673,,,,,
675,7358.265993,-458.2659928,-0.344395824,,,,,
676,8817.435177,132.5648229,0.099625048,,,,,
677,9515.905028,-15.90502762,-0.011952938,,,,,
678,8741.628727,508.3712731,0.382050918,,,,,
679,9220.224321,674.7756793,0.507107072,,,,,
680,9724.431633,225.5683669,0.169519023,,,,,
681,9296.211874,-1346.211874,-1.011704456,,,,,
682,8928.619909,-178.6199092,-0.134236342,,,,,
683,9359.498398,-1109.498398,-0.833809666,,,,,
684,9436.571304,-486.5713041,-0.365667817,,,,,
685,8906.810747,43.18925258,0.032457565,,,,,
686,9655.581256,-705.5812558,-0.530258063,,,,,
687,9318.253968,-368.2539682,-0.276750033,,,,,
688,9311.529979,138.4700207,0.104062919,,,,,
689,8661.884287,288.1157131,0.216524573,,,,,
690,9352.271213,-102.2712131,-0.07685881,,,,,
691,7511.112798,1238.887202,0.931047874,,,,,
692,9744.919457,205.0805432,0.154122025,,,,,
693,9859.996178,90.00382192,0.067639626,,,,,
694,7802.422269,2097.577731,1.57637054,,,,,
695,7323.373161,1626.626839,1.222441767,,,,,
696,8699.247939,250.7520614,0.18844506,,,,,
697,8692.948686,3557.051314,2.673193378,,,,,
698,9040.231415,209.7685854,0.15764518,,,,,
699,9448.232412,801.7675883,0.602543966,,,,,
700,8556.825617,393.1743834,0.295478211,,,,,
701,8960.785043,-961.7850434,-0.722800202,,,,,
702,9146.494976,753.5050242,0.566273709,,,,,
703,7732.969535,517.0304649,0.38855847,,,,,
704,9436.434855,1063.565145,0.799289932,,,,,
705,7864.897843,585.1021569,0.439715673,,,,,
706,9409.398328,490.6016724,0.368696717,,,,,
707,9809.325792,690.6742078,0.519055126,,,,,
708,7923.267127,576.7328729,0.433425993,,,,,
709,9492.18933,7.81067035,0.005869871,,,,,
710,9308.459831,141.5401691,0.106370195,,,,,
711,8182.993701,1717.006299,1.290363692,,,,,
712,9144.106091,-894.1060908,-0.67193815,,,,,
713,7937.318028,812.6819722,0.610746338,,,,,
714,10334.02619,-834.0261921,-0.626786936,,,,,
715,8627.73083,-177.73083,-0.133568182,,,,,
716,9374.624487,-884.6244871,-0.66481254,,,,,
717,9231.374285,-481.374285,-0.361762155,,,,,
718,8320.111941,1429.888059,1.07458874,,,,,
719,9980.314154,-30.31415368,-0.022781677,,,,,
720,8659.590884,-159.5908838,-0.119935659,,,,,
721,9610.808673,-1160.808673,-0.872370338,,,,,
722,9150.7885,-1250.7885,-0.939991932,,,,,
723,10048.74978,-1298.749783,-0.97603577,,,,,
724,8442.416238,-492.4162384,-0.370060399,,,,,
725,8434.781346,-1534.781346,-1.153418089,,,,,
726,7994.151718,155.8482824,0.117123021,,,,,
727,9939.13888,1055.86112,0.793500207,,,,,
728,9830.223751,-930.2237511,-0.699081276,,,,,
729,9194.31018,305.6898202,0.229731857,,,,,
730,8335.636807,614.3631929,0.461705911,,,,,
731,9413.614602,2086.385398,1.567959283,,,,,
732,9494.137814,955.8621862,0.718349059,,,,,
733,8878.779805,1621.220195,1.218378569,,,,,
734,8364.476793,885.5232067,0.665487946,,,,,
735,10598.18592,351.8140821,0.264395138,,,,,
736,9914.641564,535.3584362,0.402332297,,,,,
737,9217.467803,32.53219684,0.02444858,,,,,
738,9849.093251,-1099.093251,-0.825989996,,,,,
739,7783.370042,966.6299578,0.72644125,,,,,
740,9901.616486,-101.6164861,-0.076366769,,,,,
741,8164.674025,85.32597537,0.064124133,,,,,
742,9875.121251,574.8787488,0.432032582,,,,,
743,9878.964131,-128.9641314,-0.096919058,,,,,
744,9777.211888,-827.2118881,-0.621665853,,,,,
745,8090.744099,-640.7440994,-0.481531677,,,,,
746,8060.744923,389.2550771,0.292532776,,,,,
747,9029.933391,-779.9333911,-0.586135142,,,,,
748,9528.100014,1421.899986,1.068585547,,,,,
749,9397.663718,-447.6637176,-0.336428007,,,,,
750,7946.944494,803.0555062,0.603511862,,,,,
751,10137.2948,312.7051975,0.235004049,,,,,
752,10820.14462,129.8553761,0.097588846,,,,,
753,8807.177754,-357.1777544,-0.268426043,,,,,
754,10275.57445,-325.5744535,-0.244675546,,,,,
755,8947.937135,1002.062865,0.75306977,,,,,
756,8450.404858,299.5951422,0.225151587,,,,,
757,9507.44346,442.5565396,0.332589863,,,,,
758,9140.559471,359.4405289,0.270126562,,,,,
759,8813.035358,-563.035358,-0.423132043,,,,,
760,9990.12666,959.87334,0.72136352,,,,,
761,8585.663122,-635.663122,-0.477713223,,,,,
762,8180.972862,69.02713768,0.051875239,,,,,
763,8684.604774,1210.395226,0.909635599,,,,,
764,7882.937648,1247.062352,0.937191659,,,,,
765,10035.2451,914.7548952,0.687456129,,,,,
766,10285.71913,214.2808652,0.161036246,,,,,
767,9716.172145,-816.1721453,-0.613369272,,,,,
768,9683.339215,-183.3392147,-0.137782993,,,,,
769,10951.56751,-1.567509801,-0.001178014,,,,,
770,7744.514426,205.4855737,0.154426413,,,,,
771,8273.68349,-323.6834899,-0.24325445,,,,,
772,8155.858084,-205.8580843,-0.154706362,,,,,
773,10840.84161,-1340.841612,-1.0076686,,,,,
774,9450.470622,1499.529378,1.126925548,,,,,
775,8485.296091,1264.703909,0.950449632,,,,,
776,9251.176159,498.8238412,0.374875837,,,,,
777,9609.562379,-159.5623793,-0.119914237,,,,,
778,7805.81678,1144.18322,0.859875986,,,,,
779,7806.165249,1143.834751,0.859614105,,,,,
780,9477.304515,-577.3045154,-0.433855593,,,,,
781,9005.412808,944.5871921,0.709875682,,,,,
782,8048.650942,701.3490577,0.527077484,,,,,
783,10457.77301,-1507.773007,-1.133120796,,,,,
784,8878.265499,111.7345006,0.083970655,,,,,
785,8686.681588,263.3184117,0.197888918,,,,,
786,9331.535926,-381.5359262,-0.286731683,,,,,
787,9378.78663,571.2133699,0.429277978,,,,,
788,9374.810006,525.1899937,0.394690514,,,,,
789,8170.356109,779.6438911,0.585917577,,,,,
790,9996.910625,-1046.910625,-0.786773736,,,,,
791,10019.2739,-519.2739,-0.390244455,,,,,
792,7841.327465,108.6725353,0.081669528,,,,,
793,9227.610431,-1477.610431,-1.110453032,,,,,
794,9991.366549,-1041.366549,-0.782607254,,,,,
795,10584.68829,1365.311706,1.026058352,,,,,
796,10082.10597,-1132.105972,-0.850799698,,,,,
797,9130.551132,2819.448868,2.118870766,,,,,
798,8900.184071,49.81592867,0.037437641,,,,,
799,9391.979009,558.0209906,0.419363648,,,,,
800,9306.284096,-1056.284096,-0.793818081,,,,,
801,8654.636114,340.3638861,0.255790093,,,,,
802,10139.08806,-144.0880598,-0.108284985,,,,,
803,9440.022934,-190.0229342,-0.142805938,,,,,
804,9742.371157,1207.628843,0.907556608,,,,,
805,8357.581632,542.4183684,0.407637974,,,,,
806,10629.86007,-1129.860067,-0.849111857,,,,,
807,10633.90895,-683.9089484,-0.513970902,,,,,
808,7944.926442,5.073557685,0.003812877,,,,,
809,9578.723313,-1328.723313,-0.998561462,,,,,
810,8379.153543,1070.846457,0.80476198,,,,,
811,9199.91075,-1249.91075,-0.939332285,,,,,
812,10389.43602,-889.4360208,-0.668428502,,,,,
813,9317.231052,-367.2310516,-0.275981291,,,,,
814,10026.7413,923.2586991,0.693846904,,,,,
815,9935.61291,-985.61291,-0.740707308,,,,,
816,8820.036207,629.9637933,0.473430066,,,,,
817,10223.63862,-2223.638622,-1.671107756,,,,,
818,9534.546358,365.4536423,0.274645534,,,,,
819,9282.477097,-332.4770974,-0.249863018,,,,,
820,9848.934255,1051.065745,0.789896389,,,,,
821,10106.84203,-656.8420307,-0.493629586,,,,,
822,9100.946988,-650.9469883,-0.489199346,,,,,
823,9824.06551,-324.0655097,-0.243541545,,,,,
824,9585.994293,914.0057074,0.6868931,,,,,
825,7922.454445,-972.4544454,-0.730818466,,,,,
826,8591.325395,1158.674605,0.870766544,,,,,
827,9500.234826,-2550.234826,-1.916551167,,,,,
828,9485.468029,164.531971,0.123648982,,,,,
829,9365.236526,584.7634744,0.439461146,,,,,
830,9357.27562,-107.2756199,-0.080619719,,,,,
831,9983.078427,-1033.078427,-0.776378569,,,,,
832,9202.529678,697.470322,0.524162538,,,,,
833,10326.24464,668.755356,0.502582682,,,,,
834,9821.837006,678.162994,0.509652705,,,,,
835,8323.056992,626.9430083,0.471159888,,,,,
836,9506.011126,243.9888738,0.183362393,,,,,
837,9505.137539,1444.862461,1.085842295,,,,,
838,8429.717159,1320.282841,0.992218283,,,,,
839,10498.26295,-548.2629545,-0.412030294,,,,,
840,9030.131756,1469.868244,1.104634628,,,,,
841,8809.809995,1590.190005,1.195058776,,,,,
842,7778.219596,1021.780404,0.767887885,,,,,
843,10265.78155,234.218445,0.176019726,,,,,
844,10108.3495,-858.3495011,-0.645066376,,,,,
845,8356.244548,-556.2445477,-0.418028617,,,,,
846,9895.346823,54.65317709,0.041072928,,,,,
847,10026.86177,723.1382304,0.543452472,,,,,
848,9650.193334,1299.806666,0.976830038,,,,,
849,10038.13684,-88.13683607,-0.06623655,,,,,
850,10522.58048,-572.5804766,-0.430305386,,,,,
851,7603.556534,496.4434665,0.373086939,,,,,
852,10066.65891,-816.6589125,-0.613735087,,,,,
853,9581.070047,-1781.070047,-1.338508848,,,,,
854,9391.473989,-391.4739885,-0.294200331,,,,,
855,10006.59796,-1056.597964,-0.794053959,,,,,
856,8817.002429,132.997571,0.099950266,,,,,
857,9541.577475,408.4225246,0.306937486,,,,,
858,10409.2188,-1909.218797,-1.43481513,,,,,
859,10278.9463,-2283.946304,-1.716430154,,,,,
860,9462.381765,-712.3817654,-0.535368779,,,,,
861,8699.110648,1050.889352,0.789763826,,,,,
862,9765.028677,1184.971323,0.890529041,,,,,
863,9895.099965,-145.0999646,-0.109045451,,,,,
864,8958.890567,-758.8905671,-0.570321049,,,,,
865,9520.797128,-570.7971279,-0.428965164,,,,,
866,8232.390663,1267.609337,0.952633118,,,,,
867,10203.11442,746.8855777,0.561299066,,,,,
868,9448.953044,301.0469564,0.226242654,,,,,
869,9613.411903,336.5880971,0.252952514,,,,,
870,9842.64845,607.3515503,0.456436525,,,,,
871,9465.264145,384.7358547,0.289136492,,,,,
872,10319.10325,-869.1032467,-0.653148026,,,,,
873,9258.192757,1036.807243,0.779180847,,,,,
874,9474.307429,275.6925714,0.20718834,,,,,
875,9504.646118,-554.646118,-0.416827366,,,,,
876,9550.300865,349.6991348,0.262805714,,,,,
877,8634.742868,115.2571322,0.086617981,,,,,
878,10814.8475,-864.8475039,-0.649949752,,,,,
879,9035.359634,-535.3596337,-0.402333197,,,,,
880,9481.726982,468.2730181,0.351916298,,,,,
881,10456.88541,493.11459,0.370585223,,,,,
882,8752.903949,1042.096051,0.783155489,,,,,
883,8753.965951,-3.965950944,-0.002980489,,,,,
884,9518.601485,-1268.601485,-0.953378737,,,,,
885,10826.14787,-876.1478667,-0.658442195,,,,,
886,10301.19362,-351.1936227,-0.263928851,,,,,
887,10257.04891,242.9510907,0.182582479,,,,,
888,9253.720348,496.2796522,0.372963829,,,,,
889,10800.22312,449.7768777,0.338016088,,,,,
890,10257.69607,-1357.696067,-1.020335051,,,,,
891,9049.912377,-1099.912377,-0.826605585,,,,,
892,9605.463521,1894.536479,1.423781082,,,,,
893,10504.7468,-1054.746803,-0.792662776,,,,,
894,8443.793321,-448.7933205,-0.337276926,,,,,
895,9741.182555,1253.817445,0.942268242,,,,,
896,10022.62604,-1072.626038,-0.806099369,,,,,
897,8649.641151,-399.6411512,-0.300338113,,,,,
898,8333.335552,616.6644476,0.463435349,,,,,
899,8455.807216,494.1927842,0.371395507,,,,,
900,9135.211414,364.7885857,0.274145731,,,,,
901,8431.4758,-931.4757998,-0.700022215,,,,,
902,9766.559942,-816.5599422,-0.613660709,,,,,
903,9054.179352,895.820648,0.673226673,,,,,
904,9971.181008,-221.1810082,-0.166221838,,,,,
905,10384.88274,-934.8827371,-0.702582595,,,,,
906,9521.616615,428.3833846,0.321938461,,,,,
907,9305.798552,444.2014479,0.333826044,,,,,
908,9524.454151,-574.4541515,-0.431713489,,,,,
909,9778.265867,-1528.265867,-1.14852158,,,,,
910,8484.016638,-734.0166384,-0.551627807,,,,,
911,10182.64942,-1232.649421,-0.92636006,,,,,
912,10144.53413,-194.5341324,-0.146196191,,,,,
913,10335.4235,-885.4234963,-0.665413011,,,,,
914,9667.037148,3282.962852,2.467210557,,,,,
915,10432.05647,-482.0564739,-0.362274834,,,,,
916,10280.3579,214.6420958,0.161307718,,,,,
917,8465.633106,-515.6331065,-0.387508327,,,,,
918,11240.20345,-740.2034485,-0.556277316,,,,,
919,10034.70693,-1084.706928,-0.815178394,,,,,
920,10405.3577,-505.3577048,-0.379786163,,,,,
921,10416.619,-421.6189972,-0.316854892,,,,,
922,10172.42239,-222.4223904,-0.167154761,,,,,
923,9836.291935,113.7080651,0.085453827,,,,,
924,9309.860845,-1059.860845,-0.796506078,,,,,
925,9087.366908,862.6330919,0.648285578,,,,,
926,9216.170083,-266.1700831,-0.200032004,,,,,
927,10744.17534,205.8246581,0.154681241,,,,,
928,7844.237334,1405.762666,1.056458037,,,,,
929,10190.68318,-240.6831835,-0.180878102,,,,,
930,10066.83802,-71.83801848,-0.053987671,,,,,
931,9092.452132,-342.452132,-0.25735945,,,,,
932,9913.895241,1036.104759,0.778652916,,,,,
933,11420.79003,-1070.790031,-0.804719575,,,,,
934,9960.358975,-10.35897514,-0.007784972,,,,,
935,8538.776106,411.2238941,0.30904277,,,,,
936,11017.32943,-67.32942745,-0.050599377,,,,,
937,10320.10589,629.8941145,0.473377702,,,,,
938,9596.030428,-646.0304276,-0.485504455,,,,,
939,9345.587249,-445.5872487,-0.3348675,,,,,
940,10582.48339,-332.4833901,-0.249867747,,,,,
941,9676.671876,-226.6718759,-0.170348332,,,,,
942,10243.74596,-993.7459571,-0.746819451,,,,,
943,11070.46764,-570.4676421,-0.42871755,,,,,
944,9712.962122,-2362.962122,-1.775812081,,,,,
945,12537.30239,-2287.302392,-1.718952319,,,,,
946,10469.97388,-219.9738764,-0.165314655,,,,,
947,10106.40864,1393.591357,1.047311061,,,,,
948,10069.3405,-1119.340503,-0.8412062,,,,,
949,8168.004235,-418.0042351,-0.314138328,,,,,
950,9780.726385,-280.7263845,-0.210971348,,,,,
951,8330.339091,119.6609093,0.089927505,,,,,
952,10608.45298,-1658.452978,-1.246359731,,,,,
953,9883.365355,-1483.365355,-1.11477797,,,,,
954,8423.185923,826.8140771,0.621366891,,,,,
955,9767.116358,-867.1163579,-0.65165484,,,,,
956,10499.85371,-1749.853713,-1.315049164,,,,,
957,11824.79789,-874.7978853,-0.657427658,,,,,
958,8695.909043,254.0909571,0.190954306,,,,,
959,8605.151218,344.848782,0.25916058,,,,,
960,10518.87749,-1623.877495,-1.220375581,,,,,
961,18933.18491,-9543.184912,-7.171889425,,,,,
962,10771.38758,-2021.387584,-1.519112159,,,,,
963,10644.08538,-894.085377,-0.671922583,,,,,
964,10524.48444,-574.4844372,-0.431736249,,,,,
965,10010.11114,939.8888594,0.706344793,,,,,
966,10107.92682,-207.926824,-0.15626106,,,,,
967,9692.003337,-192.003337,-0.144294249,,,,,
968,10177.44105,-227.4410492,-0.170926381,,,,,
969,9935.49224,14.50776021,0.010902865,,,,,
970,9476.060379,1023.939621,0.769510578,,,,,
971,8869.769828,1080.230172,0.811814024,,,,,
972,8632.649482,1862.350518,1.399592705,,,,,
973,9594.337563,-94.33756286,-0.070896517,,,,,
974,9525.990438,-1025.990438,-0.771051807,,,,,
975,9936.875351,513.1246488,0.385623173,,,,,
976,8671.294017,278.7059829,0.209452977,,,,,
977,9632.993191,267.0068087,0.20066082,,,,,
978,9233.35403,-333.3540296,-0.250522049,,,,,
979,9742.629145,-997.6291449,-0.749737743,,,,,
980,8695.603902,54.39609806,0.040879728,,,,,
981,10656.16484,93.83516221,0.070518953,,,,,
982,10770.24725,-1020.247252,-0.766735691,,,,,
983,10203.4939,-1353.4939,-1.017177041,,,,,
984,8919.077254,-969.0772541,-0.72828044,,,,,
985,9640.18798,-190.1879804,-0.142929973,,,,,
986,11128.83159,-1178.831588,-0.88591491,,,,,
987,9641.117232,-1391.117232,-1.045451708,,,,,
988,9164.743396,785.2566044,0.59013564,,,,,
989,8309.748287,1685.251713,1.266499502,,,,,
990,10845.20837,-895.2083651,-0.672766531,,,,,
991,10765.7859,-270.7858994,-0.20350088,,,,,
992,12261.03258,-4311.032584,-3.239824994,,,,,
993,9003.976013,-53.9760125,-0.040564025,,,,,
994,11216.45476,-1521.454764,-1.143402903,,,,,
995,8823.828669,-1073.828669,-0.80700317,,,,,
996,9460.394955,489.6050453,0.367947732,,,,,
997,10043.18378,-93.18377897,-0.070029426,,,,,
998,11420.92184,-1470.92184,-1.105426426,,,,,
999,10276.29256,-376.292559,-0.282791191,,,,,
1000,9952.819301,997.1806992,0.749400727,,,,,
1001,9004.811802,-54.81180238,-0.041192138,,,,,
1002,9548.672062,-598.6720617,-0.44991372,,,,,
1003,9765.175445,-1515.175445,-1.138683872,,,,,
1004,10707.016,-457.0159954,-0.343456426,,,,,
1005,10733.03679,-1983.036794,-1.490290793,,,,,
1006,9880.049532,-130.0495322,-0.097734758,,,,,
1007,11043.29261,-93.29261176,-0.070111216,,,,,
1008,10533.74058,416.2594239,0.312827068,,,,,
1009,9168.334664,581.6653362,0.437132835,,,,,
1010,10658.81746,-1758.817463,-1.321785597,,,,,
1011,10836.81893,-1336.818926,-1.004645473,,,,,
1012,9722.163837,227.8361634,0.171223317,,,,,
1013,9769.883141,180.1168595,0.13536133,,,,,
1014,8854.057888,-604.0578882,-0.453961274,,,,,
1015,10278.00603,171.9939696,0.12925682,,,,,
1016,10653.51878,296.4812157,0.222811411,,,,,
1017,8865.955627,384.0443729,0.28861683,,,,,
1018,9588.996734,-688.9967343,-0.517794472,,,,,
1019,10412.71873,487.2812725,0.366201372,,,,,
1020,10057.04104,-307.0410386,-0.230747324,,,,,
1021,11243.3271,706.6728976,0.531078453,,,,,
1022,8127.140011,-227.1400113,-0.170700145,,,,,
1023,10528.72119,371.2788109,0.279023261,,,,,
1024,9953.054844,496.9451561,0.373463969,,,,,
1025,11413.55709,-463.5570876,-0.348372184,,,,,
1026,8927.269637,1022.730363,0.768601797,,,,,
1027,10965.36822,-215.3682241,-0.161853417,,,,,
1028,11334.30089,-1434.300885,-1.077905065,,,,,
1029,9260.142556,1489.857444,1.119656902,,,,,
1030,11335.7262,-885.7261959,-0.665640496,,,,,
1031,8185.998142,1264.001858,0.949922027,,,,,
1032,10461.42053,288.5794699,0.216873095,,,,,
1033,11089.64955,-139.6495547,-0.104949362,,,,,
1034,9930.036983,69.96301707,0.052578571,,,,,
1035,9802.943204,697.0567959,0.523851765,,,,,
1036,11321.64171,1178.358293,0.88555922,,,,,
1037,9732.45961,-782.4596102,-0.588033644,,,,,
1038,11429.21554,-929.2155413,-0.698323586,,,,,
1039,10035.80337,-790.8033707,-0.594304143,,,,,
1040,11344.8266,-394.8265984,-0.296719883,,,,,
1041,9328.360415,171.6395852,0.128990493,,,,,
1042,10616.78987,283.2101344,0.212837935,,,,,
1043,9424.027927,1525.972073,1.146797748,,,,,
1044,9378.520842,71.4791576,0.05371798,,,,,
1045,6394.726695,-494.7266953,-0.371796752,,,,,
1046,5409.840503,1540.159497,1.157459874,,,,,
1047,5236.542717,763.4572834,0.573753026,,,,,
1048,6714.640338,-1464.640338,-1.100705755,,,,,
1049,6081.287503,-1681.287503,-1.263520321,,,,,
1050,4909.575285,1840.424715,1.383115037,,,,,
1051,6638.482975,1861.517025,1.398966319,,,,,
1052,5112.589584,1037.410416,0.779634143,,,,,
1053,6216.957423,733.0425769,0.550895781,,,,,
1054,5680.376198,69.6238022,0.052323644,,,,,
1055,5124.853379,3625.146621,2.724368327,,,,,
1056,6489.496522,10.5034776,0.007893568,,,,,
1057,7083.543011,-1133.543011,-0.851879661,,,,,
1058,5239.087936,1260.912064,0.947599987,,,,,
1059,6102.150135,4397.849865,3.305069873,,,,,
1060,5382.990834,3117.009166,2.342493128,,,,,
1061,7080.98438,869.0156202,0.653082173,,,,,
1062,5174.843834,625.1561662,0.469817041,,,,,
1063,4922.810026,1827.189974,1.373168871,,,,,
1064,5822.217243,1127.782757,0.847550719,,,,,
1065,6744.926693,-1004.926693,-0.755221992,,,,,
1066,5805.135087,744.8649126,0.559780497,,,,,
1067,7023.465631,1926.534369,1.44782812,,,,,
1068,6217.061902,532.9380982,0.400513366,,,,,
1069,6332.997608,1617.002392,1.215208807,,,,,
1070,7006.900103,943.0998974,0.708757951,,,,,
1071,6637.366666,812.633334,0.610709786,,,,,
1072,7657.39297,92.60703011,0.069595988,,,,,
1073,8174.63946,-1724.63946,-1.296100161,,,,,
1074,6842.500894,1057.499106,0.794731185,,,,,
1075,7187.744033,-287.7440329,-0.216245248,,,,,
1076,5764.212261,-164.2122613,-0.123408714,,,,,
1077,6213.135051,-263.1350514,-0.197751119,,,,,
1078,6102.707163,847.2928367,0.636757078,,,,,
1079,7114.847308,835.152692,0.627633522,,,,,
1080,6077.071032,2872.928968,2.159062103,,,,,
1081,7643.902816,306.0971844,0.230037999,,,,,
1082,6918.415132,2581.584868,1.940111334,,,,,
1083,6519.860365,2080.139635,1.56326547,,,,,
1084,7436.309252,-1486.309252,-1.116990366,,,,,
1085,7625.200942,124.7990581,0.093788924,,,,,
1086,6621.701645,1328.298355,0.998242098,,,,,
1087,6888.654784,61.34521589,0.046102125,,,,,
1088,7277.342998,-27.34299774,-0.020548796,,,,,
1089,5551.48428,948.5157201,0.712828047,,,,,
1090,7264.435413,-14.43541255,-0.010848494,,,,,
1091,6907.126033,2342.873967,1.760715441,,,,,
1092,7433.317499,816.682501,0.613752814,,,,,
1093,7260.488586,-10.48858629,-0.007882377,,,,,
1094,7185.915164,-1935.915164,-1.45487797,,,,,
1095,6862.63555,1037.36445,0.779599599,,,,,
1096,7066.32901,-166.3290095,-0.124999492,,,,,
1097,7195.073121,704.926879,0.529766286,,,,,
1098,7230.683598,19.31640238,0.014516653,,,,,
1099,7854.877987,595.1220132,0.44724579,,,,,
1100,7572.134653,377.8653466,0.283973171,,,,,
1101,7376.374665,573.625335,0.431090617,,,,,
1102,7632.170323,-1182.170323,-0.888424034,,,,,
1103,7606.551903,-956.5519034,-0.718867395,,,,,
1104,6306.876509,1643.123491,1.234839322,,,,,
1105,5989.331086,1260.668914,0.947417255,,,,,
1106,7001.736444,448.2635562,0.336878798,,,,,
1107,7016.938153,933.0618466,0.70121416,,,,,
1108,7387.478277,-137.4782766,-0.103317604,,,,,
1109,7371.417992,878.5820077,0.660271499,,,,,
1110,7099.395994,1850.604006,1.390764972,,,,,
1111,7440.443242,309.5567581,0.232637936,,,,,
1112,8449.589291,50.41070875,0.03788463,,,,,
1113,7366.828925,383.1710752,0.28796053,,,,,
1114,7202.809705,-1452.809705,-1.091814804,,,,,
1115,7612.831364,-712.8313637,-0.53570666,,,,,
1116,7891.47428,-1391.47428,-1.045720036,,,,,
1117,8145.898955,-1645.898955,-1.236925138,,,,,
1118,6760.825163,839.1748374,0.630656243,,,,,
1119,7587.945564,1362.054436,1.023610451,,,,,
1120,7908.186588,-458.1865881,-0.344336149,,,,,
1121,6735.629115,614.370885,0.461711692,,,,,
1122,6619.761775,1130.238225,0.84939605,,,,,
1123,7562.43733,-102.4373302,-0.07698365,,,,,
1124,8024.762197,1225.237803,0.920790085,,,,,
1125,6972.814102,277.1858977,0.208310603,,,,,
1126,6758.296216,-258.2962158,-0.194114639,,,,,
1127,6479.574131,320.4258686,0.240806284,,,,,
1128,8133.273556,566.7264443,0.425905966,,,,,
1129,7432.266958,67.73304189,0.050902701,,,,,
1130,8018.267337,-268.2673374,-0.201608132,,,,,
1131,7780.094272,169.905728,0.127687465,,,,,
1132,7536.943073,2413.056927,1.813459303,,,,,
1133,7972.150665,-1332.150665,-1.001137184,,,,,
1134,6918.629943,1831.370057,1.376310285,,,,,
1135,7919.159713,-169.1597134,-0.127126821,,,,,
1136,6801.036851,-851.0368505,-0.639570777,,,,,
1137,6200.360553,549.6394468,0.413064755,,,,,
1138,6955.532152,-455.5321522,-0.342341289,,,,,
1139,7458.544484,1291.455516,0.970553986,,,,,
1140,7706.707004,243.292996,0.182839427,,,,,
1141,6510.706651,239.2933489,0.179833615,,,,,
1142,7097.328638,852.6713619,0.640799144,,,,,
1143,5916.815455,2033.184545,1.527977806,,,,,
1144,8841.679452,108.3205477,0.081405002,,,,,
1145,6289.208578,1460.791422,1.097813219,,,,,
1146,7959.153093,-1509.153093,-1.134157957,,,,,
1147,7709.605978,-809.6059776,-0.608434669,,,,,
1148,8308.890446,141.1095541,0.10604658,,,,,
1149,6636.67291,113.3270902,0.085167517,,,,,
1150,7152.986178,897.0138222,0.674123367,,,,,
1151,7451.572534,2048.427466,1.539433157,,,,,
1152,6845.829632,904.1703682,0.679501651,,,,,
1153,7671.619931,828.3800693,0.622543764,,,,,
1154,7649.913514,145.086486,0.109035322,,,,,
1155,7038.700168,-548.7001676,-0.412358868,,,,,
1156,7898.524066,51.4759343,0.038685168,,,,,
1157,6387.74945,37.25054964,0.027994514,,,,,
1158,7649.392178,1300.607822,0.977432123,,,,,
1159,9361.896223,-2411.896223,-1.812587011,,,,,
1160,7822.566517,927.4334829,0.696984335,,,,,
1161,8173.618287,276.3817128,0.207706243,,,,,
1162,7665.449419,284.5505813,0.213845307,,,,,
1163,6295.959683,1654.040317,1.24304353,,,,,
1164,7663.439817,1236.560183,0.929299074,,,,,
1165,8614.649969,335.3500308,0.252022083,,,,,
1166,8621.436824,278.5631756,0.209345655,,,,,
1167,8005.937106,-55.93710635,-0.042037825,,,,,
1168,6751.174916,-256.1749156,-0.192520441,,,,,
1169,6266.299583,983.7004171,0.739270032,,,,,
1170,8516.96941,733.0305899,0.550886773,,,,,
1171,7690.404706,-1040.404706,-0.781884411,,,,,
1172,7873.04479,-883.0447899,-0.663625367,,,,,
1173,7694.685901,55.31409884,0.041569623,,,,,
1174,6497.256729,452.743271,0.340245391,,,,,
1175,7096.342015,153.657985,0.11547697,,,,,
1176,7814.016077,2135.983923,1.605233541,,,,,
1177,7443.232876,1806.767124,1.357820701,,,,,
1178,6528.950845,671.049155,0.504306516,,,,,
1179,8585.140159,-335.140159,-0.25186436,,,,,
1180,7278.722155,1671.277845,1.255997868,,,,,
1181,7973.877031,276.1229686,0.207511792,,,,,
1182,6073.958532,176.0414676,0.132298593,,,,,
1183,8354.566034,1545.433966,1.16142374,,,,,
1184,6422.973397,877.0266031,0.659102582,,,,,
1185,7181.544945,1768.455055,1.329028435,,,,,
1186,7314.10738,-814.10738,-0.61181756,,,,,
1187,7765.242645,184.7573547,0.138848752,,,,,
1188,7801.082832,-351.0828317,-0.263845589,,,,,
1189,7553.859228,396.1407716,0.297707509,,,,,
1190,6696.972429,1803.027571,1.355010354,,,,,
1191,6483.272812,466.7271879,0.350754577,,,,,
1192,7199.686272,750.3137275,0.563875387,,,,,
1193,6488.333914,261.6660856,0.196647162,,,,,
1194,8507.862635,-57.86263539,-0.043484898,,,,,
1195,8744.711191,-1244.711191,-0.935424715,,,,,
1196,7513.000549,1236.999451,0.929629192,,,,,
1197,6584.556595,2165.443405,1.627372916,,,,,
1198,7704.53065,1245.46935,0.935994487,,,,,
1199,6704.913537,745.0864629,0.559946996,,,,,
1200,9243.891171,-43.89117058,-0.03298507,,,,,
1201,7963.080874,986.9191257,0.741688955,,,,,
1202,8660.907349,-810.9073495,-0.609412675,,,,,
1203,7662.25457,-712.2545702,-0.535273189,,,,,
1204,7852.224856,-652.2248555,-0.490159689,,,,,
1205,7565.259391,-115.2593909,-0.086619678,,,,,
1206,6736.342153,13.6578473,0.010264138,,,,,
1207,8107.821388,-607.8213878,-0.456789617,,,,,
1208,7803.082613,-353.0826128,-0.265348464,,,,,
1209,8085.94766,-135.9476598,-0.102167315,,,,,
1210,7106.174353,143.8256474,0.108087777,,,,,
1211,7028.001902,921.9980979,0.692899537,,,,,
1212,6170.700258,2079.299742,1.562634274,,,,,
1213,8651.576709,-401.5767088,-0.301792722,,,,,
1214,7383.974734,-633.9747341,-0.476444367,,,,,
1215,6759.330092,1990.669908,1.496027227,,,,,
1216,7236.509658,1713.490342,1.287721382,,,,,
1217,8405.035344,94.96465562,0.071367789,,,,,
1218,7580.562983,669.4370172,0.503094963,,,,,
1219,9242.307059,207.6929405,0.156085292,,,,,
1220,8143.630761,-193.6307608,-0.14551729,,,,,
1221,8627.093868,-727.0938679,-0.54642521,,,,,
1222,8147.148642,352.8513583,0.265174672,,,,,
1223,7712.974319,537.0256808,0.403585264,,,,,
1224,8125.131072,124.8689276,0.093841432,,,,,
1225,7761.643305,1188.356695,0.893073213,,,,,
1226,8002.48616,-52.48615967,-0.039444372,,,,,
1227,7719.261607,-769.2616067,-0.578115088,,,,,
1228,7775.290648,-525.2906475,-0.394766158,,,,,
1229,8348.679756,-598.6797561,-0.449919503,,,,,
1230,8033.818396,666.1816044,0.500648457,,,,,
1231,7650.70982,1299.29018,0.976441889,,,,,
1232,8142.836634,-1392.836634,-1.046743872,,,,,
1233,8757.086641,-1257.086641,-0.944725107,,,,,
1234,7545.512259,404.4877414,0.30398042,,,,,
1235,8209.091423,740.9085769,0.556807233,,,,,
1236,8393.514096,-443.514096,-0.333309486,,,,,
1237,6450.867238,999.1327616,0.75086774,,,,,
1238,6488.739177,-538.7391773,-0.40487299,,,,,
1239,7947.539516,-197.5395165,-0.148454796,,,,,
1240,6619.374979,330.6250206,0.248471146,,,,,
1241,6590.15571,2159.84429,1.623165072,,,,,
1242,8891.23857,58.76143001,0.04416036,,,,,
1243,7798.935027,-303.9350268,-0.228413095,,,,,
1244,8130.768019,-380.7680195,-0.286154587,,,,,
1245,8533.193507,-1583.193507,-1.189800772,,,,,
1246,8068.802208,-78.8022082,-0.059221395,,,,,
1247,7898.706967,-648.7069665,-0.487515926,,,,,
1248,7614.094343,-714.0943432,-0.536655814,,,,,
1249,8426.090056,-676.0900564,-0.508094852,,,,,
1250,7207.540805,42.45919498,0.031908912,,,,,
1251,6643.696521,2306.303479,1.733232007,,,,,
1252,8467.19047,32.80952961,0.024657001,,,,,
1253,8833.150765,-883.1507653,-0.66370501,,,,,
1254,6667.508592,282.491408,0.212297798,,,,,
1255,7630.796987,369.2030131,0.277463259,,,,,
1256,8157.74073,-207.7407299,-0.156121207,,,,,
1257,6838.671338,1661.328662,1.248520863,,,,,
1258,7208.0278,281.9722002,0.211907603,,,,,
1259,7402.447438,847.5525619,0.636952266,,,,,
1260,8878.071877,371.9281232,0.279511232,,,,,
1261,7635.950723,314.0492771,0.236014151,,,,,
1262,7809.742214,1690.257786,1.270261663,,,,,
1263,9869.583051,-919.5830512,-0.691084582,,,,,
1264,7284.432246,1165.567754,0.87594688,,,,,
1265,8981.15461,-986.1546097,-0.741114406,,,,,
1266,7265.005058,1484.994942,1.116002636,,,,,
1267,7770.950689,-1820.950689,-1.368479927,,,,,
1268,8725.907253,-225.9072527,-0.169773703,,,,,
1269,7321.784601,1628.215399,1.223635601,,,,,
1270,7321.784601,1428.215399,1.073331703,,,,,
1271,8151.321312,-551.3213119,-0.414328709,,,,,
1272,7795.988346,-650.9883465,-0.489230428,,,,,
1273,9484.882609,-1034.882609,-0.777734447,,,,,
1274,6989.369017,-1039.369017,-0.78110607,,,,,
1275,7881.947006,1118.052994,0.840238612,,,,,
1276,7469.67377,-219.6737703,-0.165089119,,,,,
1277,8082.944745,-682.9447451,-0.513246284,,,,,
1278,8042.672266,757.3277344,0.56914655,,,,,
1279,8537.879965,-787.8799647,-0.592107147,,,,,
1280,6998.77769,501.2223105,0.376678333,,,,,
1281,6774.503262,1675.496738,1.259168448,,,,,
1282,8430.333419,-1030.333419,-0.774315642,,,,,
1283,7822.289485,-322.2894846,-0.242206828,,,,,
1284,8426.299377,523.7006231,0.393571223,,,,,
1285,9162.821923,-212.8219227,-0.159939822,,,,,
1286,7861.116551,88.88344891,0.066797644,,,,,
1287,8071.960284,-121.9602838,-0.09165553,,,,,
1288,8083.461526,-133.4615263,-0.100298938,,,,,
1289,9714.60905,-764.6090505,-0.574618601,,,,,
1290,8085.651905,-335.651905,-0.252248947,,,,,
1291,7355.081023,894.9189772,0.67254905,,,,,
1292,7826.495238,123.5047617,0.092816235,,,,,
1293,6788.681297,961.3187034,0.722449738,,,,,
1294,8288.705844,211.2941557,0.158791675,,,,,
1295,7846.516401,-896.5164005,-0.673749545,,,,,
1296,7118.434585,381.5654149,0.286753845,,,,,
1297,7638.475262,111.5247381,0.083813014,,,,,
1298,6517.76377,-567.7637697,-0.426685537,,,,,
1299,7727.273212,-227.2732123,-0.170800248,,,,,
1300,8249.084503,700.9154972,0.526751655,,,,,
1301,8011.847418,-61.84741845,-0.04647954,,,,,
1302,8730.359006,-1830.359006,-1.375550461,,,,,
1303,7890.504132,-440.504132,-0.331047439,,,,,
1304,8300.934123,199.0658774,0.149601886,,,,,
1305,8837.422378,-1337.422378,-1.005098979,,,,,
1306,7903.911905,846.0880954,0.635851691,,,,,
1307,8027.794039,-527.7940391,-0.396647505,,,,,
1308,7840.43814,2109.56186,1.585376846,,,,,
1309,6926.034396,1023.965604,0.769530105,,,,,
1310,8499.03166,1450.96834,1.090430982,,,,,
1311,8249.65604,1000.34396,0.751777979,,,,,
1312,7663.724063,1586.275937,1.192117278,,,,,
1313,8353.555757,1596.444243,1.199758958,,,,,
1314,8301.842853,-2351.842853,-1.767455733,,,,,
1315,8511.193145,-516.1931452,-0.387929207,,,,,
1316,8581.249664,368.7503357,0.277123063,,,,,
1317,6712.221051,737.778949,0.554455257,,,,,
1318,7324.883559,925.1164413,0.695243033,,,,,
1319,8467.526469,32.473531,0.024404491,,,,,
1320,9260.957526,-760.9575259,-0.571874409,,,,,
1321,8502.170377,897.8296227,0.674736457,,,,,
1322,7703.056492,-453.0564916,-0.340480782,,,,,
1323,8162.778031,787.2219691,0.59161265,,,,,
1324,8040.505493,1409.494507,1.059262588,,,,,
1325,8327.845303,172.1546973,0.12937761,,,,,
1326,6516.381842,233.618158,0.175568598,,,,,
1327,7906.049939,-506.0499386,-0.38030639,,,,,
1328,6772.409812,2177.590188,1.63650146,,,,,
1329,7729.158504,-829.1585044,-0.623128774,,,,,
1330,6654.020218,1095.979782,0.823650163,,,,,
1331,8291.592765,658.4072352,0.494805867,,,,,
1332,7148.022129,-198.022129,-0.148817489,,,,,
1333,7569.112216,925.8877841,0.695822712,,,,,
1334,9098.946518,901.0534822,0.67715925,,,,,
1335,9077.197213,-2078.197213,-1.561805703,,,,,
1336,7714.302136,1235.697864,0.928651025,,,,,
1337,7330.175837,1169.824163,0.879145655,,,,,
1338,7861.31956,888.68044,0.667860668,,,,,
1339,7646.4141,-147.4141,-0.110784569,,,,,
1340,7255.067753,1744.932247,1.311350586,,,,,
1341,8028.846459,921.1535407,0.692264836,,,,,
1342,8074.683738,-1124.683738,-0.845221745,,,,,
1343,8483.554923,16.44507679,0.012358796,,,,,
1344,8161.905535,288.0944648,0.216508604,,,,,
1345,8711.403476,238.5965244,0.179309938,,,,,
1346,8381.395799,-131.3957985,-0.098746503,,,,,
1347,7504.399693,445.6003065,0.334877314,,,,,
1348,8472.378625,-1022.378625,-0.768337459,,,,,
1349,8579.9183,420.0816998,0.315699583,,,,,
1350,8517.385888,-1367.385888,-1.027617141,,,,,
1351,7785.327069,-35.32706878,-0.026548981,,,,,
1352,8811.512447,-2966.512447,-2.229391911,,,,,
1353,9125.815228,-625.8152282,-0.470312339,,,,,
1354,9025.447096,-775.4470956,-0.582763603,,,,,
1355,7788.063233,1661.936767,1.248977866,,,,,
1356,9050.850932,-2300.850932,-1.729134311,,,,,
1357,8071.907313,328.0926867,0.246568047,,,,,
1358,8157.83454,-257.83454,-0.193767681,,,,,
1359,8331.388331,-381.3883311,-0.286620763,,,,,
1360,8390.699645,359.3003552,0.270021218,,,,,
1361,8574.405238,1325.594762,0.996210295,,,,,
1362,8388.835965,-1893.835965,-1.423254632,,,,,
1363,9717.806706,-1467.806706,-1.103085342,,,,,
1364,9069.0709,-2169.0709,-1.630099049,,,,,
1365,7379.216226,120.783774,0.09077136,,,,,
1366,7733.941358,216.0586416,0.162372279,,,,,
1367,8070.084372,179.9156282,0.135210101,,,,,
1368,7813.864804,1136.135196,0.853827739,,,,,
1369,8928.689612,821.3103875,0.617230761,,,,,
1370,6618.909859,1631.090141,1.225796025,,,,,
1371,8401.816047,498.1839526,0.374394948,,,,,
1372,7946.984172,1003.015828,0.75378594,,,,,
1373,8239.796147,-1489.796147,-1.119610836,,,,,
1374,8701.077502,-751.0775015,-0.564449378,,,,,
1375,8239.567616,360.4323838,0.27087196,,,,,
1376,6236.739871,1513.260129,1.137244475,,,,,
1377,8618.777001,-818.7770006,-0.615326871,,,,,
1378,8623.074789,126.9252109,0.095386769,,,,,
1379,6767.483535,2732.516465,2.053539371,,,,,
1380,8071.733309,-321.7333094,-0.241788851,,,,,
1381,8315.900477,1634.099523,1.228057635,,,,,
1382,7078.425255,671.5747455,0.504701508,,,,,
1383,9154.4127,-3204.4127,-2.408178587,,,,,
1384,8645.163482,2304.836518,1.732129557,,,,,
1385,8696.328737,753.6712632,0.566398641,,,,,
1386,7789.082466,460.9175341,0.346388509,,,,,
1387,9479.41143,270.5885696,0.203352583,,,,,
1388,9369.732434,-1919.732434,-1.442716333,,,,,
1389,8862.62082,-112.6208203,-0.084636741,,,,,
1390,9184.430845,-434.4308446,-0.326483245,,,,,
1391,9169.86589,-669.8658899,-0.50341727,,,,,
1392,7546.516212,1403.483788,1.054745416,,,,,
1393,7246.847463,253.1525366,0.190249064,,,,,
1394,8828.36287,-1578.36287,-1.186170454,,,,,
1395,7482.170199,-32.17019921,-0.024176532,,,,,
1396,7928.161265,821.8387345,0.617627824,,,,,
1397,8333.311988,1466.688012,1.102244622,,,,,
1398,7910.544555,-410.5445555,-0.308532234,,,,,
1399,8958.902858,-8.902857795,-0.006690671,,,,,
1400,7885.506919,1064.493081,0.799987294,,,,,
1401,9465.916045,-2015.916045,-1.515000191,,,,,
1402,9461.516939,-511.5169391,-0.384414947,,,,,
1403,7522.321587,2977.678413,2.237783352,,,,,
1404,7536.505465,-536.5054648,-0.403194311,,,,,
1405,8312.400938,187.5990619,0.140984351,,,,,
1406,7687.557171,62.44282891,0.046927003,,,,,
1407,9180.604694,-230.604694,-0.173303921,,,,,
1408,9716.494564,-1466.494564,-1.102099242,,,,,
1409,7962.625134,1287.374866,0.967487298,,,,,
1410,8923.832378,-1023.832378,-0.769429983,,,,,
1411,6740.219197,1759.780803,1.322509565,,,,,
1412,8767.935908,-817.9359078,-0.614694773,,,,,
1413,9337.093602,612.9063976,0.460611101,,,,,
1414,9841.871177,-1091.871177,-0.820562466,,,,,
1415,8000.093885,-500.0938847,-0.375830299,,,,,
1416,8982.953635,-2032.953635,-1.527804272,,,,,
1417,9449.6053,-499.6052997,-0.375463118,,,,,
1418,8897.899931,-147.8999309,-0.11114968,,,,,
1419,7785.171056,-35.17105559,-0.026431734,,,,,
1420,8666.232636,-216.2326362,-0.16250304,,,,,
1421,9247.954775,-1097.954775,-0.825134409,,,,,
1422,8095.932817,404.067183,0.303664362,,,,,
1423,8347.686322,-747.6863223,-0.561900841,,,,,
1424,7177.583609,772.4163913,0.58048597,,,,,
1425,7859.029962,-109.0299616,-0.081938141,,,,,
1426,6654.941202,1295.058798,0.973261923,,,,,
1427,9265.259141,684.7408586,0.514596098,,,,,
1428,9105.935344,-155.9353436,-0.117188449,,,,,
1429,8126.149588,323.8504121,0.243379895,,,,,
1430,8668.437621,281.5623787,0.211599614,,,,,
1431,7196.157615,1253.842385,0.942286986,,,,,
1432,8846.10339,-1346.10339,-1.011622929,,,,,
1433,8242.306034,2602.693966,1.955975233,,,,,
1434,8397.699753,102.3002469,0.076880629,,,,,
1435,8558.375231,-1308.375231,-0.983269482,,,,,
1436,10482.29804,-3532.298038,-2.654590808,,,,,
